i,n,b,r,approx,n_calls,time_ms
1,65,2,8,541.2926357035959,62332,2354285
1,65,4,8,541.2926357035959,84165,3112074
1,65,6,8,541.2926357035959,84678,3116002
1,65,2,12,620.0528990398416,76502,2817092
1,65,3,12,624.4678889030539,77173,2845177
1,65,4,12,624.4678889030539,111032,3986829
