i,n,b,r,approx,n_calls,time_ms
1,65,2,8,0.0,65,5850
1,65,4,8,442.01188449163516,51494,2172839
1,65,6,8,442.01188449163516,71943,2999578
