i,n,b,r,approx,n_calls,time_ms
1,75,2,4,26.870057685088806,4919,462801
1,75,3,4,21.93931022920578,4982,465453
1,75,4,4,19.0,5004,468954
1,75,2,6,38.18376618407357,9938,923130
1,75,3,6,31.176914536239792,10138,944736
1,75,4,6,27.0,12521,1123416
