i,n,b,r,approx,n_calls,time_ms
1,75,2,4,0.0,75,11495
1,75,3,4,9.428090415820634,9269,864836
1,75,4,4,8.660254037844386,6720,623143
1,75,2,6,0.0,75,10857
1,75,3,6,18.856180831641268,9357,868773
1,75,4,6,17.32050807568877,6809,632635
