i,n,b_low,b_high,r,approx,n_calls,time_ms
1,10,2,19,20,3845.357556038602,4718,27722
1,10,1,20,40,3985.4423480130677,8018,48436
1,20,1,20,40,4321.285178810068,27532,205327
1,20,1,20,80,4375.3576045410255,33209,253250
