i,n,b_low,b_high,b_sum,r,approx,n_calls,time_ms
1,150,10,50,4314,75,4777.293137444765,2555540,26644043
1,150,10,50,4314,150,4926.353220165499,3280464,34401490
1,150,10,50,4314,300,4986.311183164941,4140068,44082660
1,150,10,90,7231,75,4777.293137444765,2813931,31486862
